TextLocaliazationId,TextId,LanguageId,Content
1,1,1,My native language
2,1,2,My native language
3,1,3,My native language
4,1,4,My native language
5,1,5,My native language
6,1,6,My native language
7,2,1,"In Canada, you can take G1 in your native language."
8,2,2,"Au Canada, vous pouvez passer le G1 dans votre langue maternelle."
9,2,3,"åœ¨åŠ æ‹¿å¤§, æ‚¨å¯ä»¥ç”¨æ‚¨çš„æ¯è¯­å‚åŠ  G1ã€‚"
10,2,4,"En CanadÃ¡, puede tomar G1 en su idioma nativo."
11,2,5,Ğ’ ĞšĞ°Ğ½Ğ°Ğ´Ğµ Ğ²Ñ‹ Ğ¼Ğ¾Ğ¶ĞµÑ‚Ğµ ÑĞ´Ğ°Ñ‚ÑŒ G1 Ğ½Ğ° ÑĞ²Ğ¾ĞµĞ¼ Ñ€Ğ¾Ğ´Ğ½Ğ¾Ğ¼ ÑĞ·Ñ‹ĞºĞµ.
12,2,6,Ø¯Ø± Ú©Ø§Ù†Ø§Ø¯Ø§ØŒ Ù…ÛŒ ØªÙˆØ§Ù†ÛŒØ¯ G1 Ø±Ø§ Ø¨Ù‡ Ø²Ø¨Ø§Ù† Ù…Ø§Ø¯Ø±ÛŒ Ø®ÙˆØ¯ Ø¯Ø±ÛŒØ§ÙØª Ú©Ù†ÛŒØ¯.
13,3,1,Start
14,3,2,Start
15,3,3,Start
16,3,4,Start
17,3,5,Start
18,3,6,Start
19,4,1,Next question
20,4,2,Question suivante
21,4,3,ä¸‹ä¸€ä¸ªé—®é¢˜
22,4,4,PrÃ³xima pregunta
23,4,5,Ğ¡Ğ»ĞµĞ´ÑƒÑÑ‰Ğ¸Ğ¹ Ğ²Ğ¾Ğ¿Ñ€Ğ¾Ñ
24,4,6,Ø³ÙˆØ§Ù„ Ø¨Ø¹Ø¯ÛŒ
25,5,1,Question
26,5,2,Question
27,5,3,é—®é¢˜
28,5,4,Pregunta
29,5,5,Ğ’Ğ¾Ğ¿Ñ€Ğ¾Ñ
30,5,6,Ø³ÙˆØ§Ù„
31,6,1,Added to bookmarks
32,6,2,AjoutÃ© aux favoris
33,6,3,æ·»åŠ åˆ°ä¹¦ç­¾
34,6,4,AÃ±adido a los marcadores
35,6,5,Ğ”Ğ¾Ğ±Ğ°Ğ²Ğ»ĞµĞ½ Ğ² Ğ·Ğ°ĞºĞ»Ğ°Ğ´ĞºĞ¸
36,6,6,Ø¨Ù‡ Ø¨ÙˆÚ© Ù…Ø§Ø±Ú© Ù‡Ø§ Ø§Ø¶Ø§ÙÙ‡ Ø´Ø¯
37,7,1,Great job!
38,7,2,Bon travail!
39,7,3,å¾ˆå¥½ï¼
40,7,4,Â¡Gran trabajo!
41,7,5,ĞÑ‚Ğ»Ğ¸Ñ‡Ğ½Ğ°Ñ Ñ€Ğ°Ğ±Ğ¾Ñ‚Ğ°!
42,7,6,Ú©Ø§Ø±Øª Ø¹Ø§Ù„ÛŒ Ø¨ÙˆØ¯!
43,8,1,You can do better
44,8,2,Tu peux faire mieux
45,8,3,ä½ å¯ä»¥åšå¾—æ›´å¥½
46,8,4,Puedes hacerlo mejor
47,8,5,Ğ¢Ñ‹ Ğ¼Ğ¾Ğ¶ĞµÑˆÑŒ Ğ»ÑƒÑ‡ÑˆĞµ
48,8,6,ØªÙˆ Ù…ÛŒ ØªÙˆØ§Ù†ÛŒ Ø¨Ù‡ØªØ± Ø§Ø² Ø§ÛŒÙ†Ù‡Ø§ Ø§Ù†Ø¬Ø§Ù… Ø¯Ù‡ÛŒ
49,9,1,Restart
50,9,2,RedÃ©marrer
51,9,3,é‡æ–°å¼€å§‹
52,9,4,Reiniciar
53,9,5,ĞŸĞ¾Ğ²Ñ‚Ğ¾Ñ€Ğ¸Ñ‚ÑŒ
54,9,6,Ø±Ø§Ù‡ Ø§Ù†Ø¯Ø§Ø²ÛŒ Ù…Ø¬Ø¯Ø¯
55,10,1,Review
56,10,2,Examen
57,10,3,å®¡æŸ¥
58,10,4,Revisar
59,10,5,ĞĞ±Ğ·Ğ¾Ñ€
60,10,6,Ù…Ø±ÙˆØ±
61,11,1,Next test
62,11,2,Prochain essai
63,11,3,ä¸‹ä¸€ä¸ªæµ‹è¯•
64,11,4,PrÃ³xima prueba
65,11,5,Ğ¡Ğ»ĞµĞ´ÑƒÑÑ‰Ğ¸Ğ¹ Ñ‚ĞµÑÑ‚
66,11,6,ØªØ³Øª Ø¨Ø¹Ø¯ÛŒ
67,12,1,Tests
68,12,2,Essais
69,12,3,æµ‹è¯•
70,12,4,Pruebas
71,12,5,Ğ¢ĞµÑÑ‚Ñ‹
72,12,6,ØªØ³Øª Ù‡Ø§
73,13,1,Bookmarks
74,13,2,Signets
75,13,3,ä¹¦ç­¾
76,13,4,Marcadores
77,13,5,Ğ˜Ğ·Ğ±Ñ€Ğ°Ğ½Ğ½Ğ¾Ğµ
78,13,6,Ù†Ø´Ø§Ù†Ú© Ù‡Ø§
79,14,1,My mistakes
80,14,2,Mes erreurs
81,14,3,æˆ‘çš„é”™
82,14,4,Mis errores
83,14,5,ĞœĞ¾Ğ¸ Ğ¾ÑˆĞ¸Ğ±ĞºĞ¸
84,14,6,Ø§Ø´ØªØ¨Ø§Ù‡Ø§Øª Ù…Ù†
85,15,1,Deleting the current question
86,15,2,Suppression de la question en cours
87,15,3,åˆ é™¤å½“å‰é—®é¢˜
88,15,4,Eliminar la pregunta actual
89,15,5,Ğ£Ğ´Ğ°Ğ»ĞµĞ½Ğ¸Ğµ Ñ‚ĞµĞºÑƒÑ‰ĞµĞ³Ğ¾ Ğ²Ğ¾Ğ¿Ñ€Ğ¾ÑĞ°
90,15,6,Ø­Ø°Ù Ø³ÙˆØ§Ù„ ÙØ¹Ù„ÛŒ
91,16,1,Delete this question
92,16,2,Supprimer cette question
93,16,3,åˆ é™¤æ­¤é—®é¢˜
94,16,4,Eliminar esta pregunta
95,16,5,Ğ£Ğ´Ğ°Ğ»Ğ¸Ñ‚ÑŒ ÑÑ‚Ğ¾Ñ‚ Ğ²Ğ¾Ğ¿Ñ€Ğ¾Ñ
96,16,6,Ø§ÛŒÙ† Ø³ÙˆØ§Ù„ Ø±Ø§ Ø­Ø°Ù Ú©Ù†ÛŒØ¯
97,17,1,Delete all questions
98,17,2,Supprimer toutes les questions
99,17,3,åˆ é™¤æ‰€æœ‰é—®é¢˜
100,17,4,Eliminar todas las preguntas
101,17,5,Ğ£Ğ´Ğ°Ğ»Ğ¸Ñ‚ÑŒ Ğ²ÑĞµ Ğ²Ğ¾Ğ¿Ñ€Ğ¾ÑÑ‹
102,17,6,ØªÙ…Ø§Ù… Ø³ÙˆØ§Ù„Ø§Øª Ø±Ø§ Ø­Ø°Ù Ú©Ù†ÛŒØ¯
103,18,1,
104,18,2,Examen G1 dans votre langue maternelle
105,18,3,ä»¥æ‚¨çš„æ¯è¯­è¿›è¡Œçš„ G1 è€ƒè¯•
106,18,4,Examen G1 en idioma espaÃ±ol nativo
107,18,5,Ğ­ĞºĞ·Ğ°Ğ¼ĞµĞ½ G1 Ğ½Ğ° Ñ€Ğ¾Ğ´Ğ½Ğ¾Ğ¼ ÑĞ·Ñ‹ĞºĞµ
108,18,6,Ø¢Ø²Ù…ÙˆÙ† G1 Ø²Ø¨Ø§Ù† Ù…Ø§Ø¯Ø±ÛŒ ÙØ§Ø±Ø³ÛŒ
109,19,1,
110,19,2,"TrÃ¨s bien! Vous pouvez passer l'examen ""test Ã©crit"" canadien G1 dans votre langue maternelle. Avant de payer l'examen, l'examinateur vous demandera dans quelle langue vous souhaitez passer l'examen. En consÃ©quence, vous obtiendrez 2 langues Ã  l'Ã©cran (maternelle et anglais). Ils peuvent Ãªtre commutÃ©s."
111,19,3,å¥½çš„ï¼ æ‚¨å¯ä»¥ç”¨æ‚¨çš„æ¯è¯­å‚åŠ åŠ æ‹¿å¤§ G1â€œç¬”è¯•â€è€ƒè¯•ã€‚ åœ¨æ”¯ä»˜è€ƒè¯•è´¹ç”¨ä¹‹å‰ï¼Œè€ƒå®˜ä¼šè¯¢é—®æ‚¨è¦ä»¥å“ªç§è¯­è¨€å‚åŠ è€ƒè¯•ã€‚ç»“æœï¼Œæ‚¨å°†åœ¨å±å¹•ä¸Šçœ‹åˆ° 2 ç§è¯­è¨€ï¼ˆæ¯è¯­å’Œè‹±è¯­ï¼‰ã€‚ å®ƒä»¬å¯ä»¥åˆ‡æ¢ã€‚
112,19,4,"Â¡EstÃ¡ bien! Puede realizar el examen escrito canadiense G1 en su idioma espaÃ±ol nativo. Antes de pagar el examen, el examinador le preguntarÃ¡ en quÃ© idioma desea realizar el examen. Como resultado, obtendrÃ¡ 2 idiomas en la pantalla (espaÃ±ol e inglÃ©s). Se pueden cambiar."
113,19,5,"Ğ’ÑĞµ Ğ²ĞµÑ€Ğ½Ğ¾! Ğ’Ñ‹ Ğ¼Ğ¾Ğ¶ĞµÑ‚Ğµ ÑĞ´Ğ°Ñ‚ÑŒ ĞºĞ°Ğ½Ğ°Ğ´ÑĞºĞ¸Ğ¹ Ğ¿Ğ¸ÑÑŒĞ¼ĞµĞ½Ğ½Ñ‹Ğ¹ ÑĞºĞ·Ğ°Ğ¼ĞµĞ½ G1 Ğ½Ğ° ÑĞ²Ğ¾ĞµĞ¼ Ñ€Ğ¾Ğ´Ğ½Ğ¾Ğ¼ Ñ€ÑƒÑÑĞºĞ¾Ğ¼ ÑĞ·Ñ‹ĞºĞµ. ĞŸĞµÑ€ĞµĞ´ Ğ¾Ğ¿Ğ»Ğ°Ñ‚Ğ¾Ğ¹ ÑĞºĞ·Ğ°Ğ¼ĞµĞ½Ğ° ÑĞºĞ·Ğ°Ğ¼ĞµĞ½Ğ°Ñ‚Ğ¾Ñ€ ÑĞ¿Ñ€Ğ¾ÑĞ¸Ñ‚ Ğ²Ğ°Ñ, Ğ½Ğ° ĞºĞ°ĞºĞ¾Ğ¼ ÑĞ·Ñ‹ĞºĞµ Ğ²Ñ‹ Ñ…Ğ¾Ñ‚Ğ¸Ñ‚Ğµ ÑĞ´Ğ°Ğ²Ğ°Ñ‚ÑŒ ÑĞºĞ·Ğ°Ğ¼ĞµĞ½. Ğ’ Ñ€ĞµĞ·ÑƒĞ»ÑŒÑ‚Ğ°Ñ‚Ğµ Ğ²Ñ‹ Ğ¿Ğ¾Ğ»ÑƒÑ‡Ğ¸Ñ‚Ğµ 2 ÑĞ·Ñ‹ĞºĞ° Ğ½Ğ° ÑĞºÑ€Ğ°Ğ½Ğµ (Ñ€ÑƒÑÑĞºĞ¸Ğ¹ Ğ¸ Ğ°Ğ½Ğ³Ğ»Ğ¸Ğ¹ÑĞºĞ¸Ğ¹). Ğ˜Ñ… Ğ¼Ğ¾Ğ¶Ğ½Ğ¾ Ğ¿ĞµÑ€ĞµĞºĞ»ÑÑ‡Ğ°Ñ‚ÑŒ."
114,19,6,Ø®ÛŒÙ„ÛŒ Ø®ÙˆØ¨! Ø´Ù…Ø§ Ù…ÛŒ ØªÙˆØ§Ù†ÛŒØ¯ Ø¯Ø± Ø¢Ø²Ù…ÙˆÙ† Ú©ØªØ¨ÛŒ G1 Ú©Ø§Ù†Ø§Ø¯Ø§ Ø¨Ù‡ Ø²Ø¨Ø§Ù† ÙØ§Ø±Ø³ÛŒ Ù…Ø§Ø¯Ø±ÛŒ Ø®ÙˆØ¯ Ø´Ø±Ú©Øª Ú©Ù†ÛŒØ¯. Ù‚Ø¨Ù„ Ø§Ø² Ù¾Ø±Ø¯Ø§Ø®Øª Ù‡Ø²ÛŒÙ†Ù‡ Ø§Ù…ØªØ­Ø§Ù†ØŒ Ù…Ù…ØªØ­Ù† Ø§Ø² Ø´Ù…Ø§ Ù…ÛŒ Ù¾Ø±Ø³Ø¯ Ú©Ù‡ Ø¨Ù‡ Ú©Ø¯Ø§Ù… Ø²Ø¨Ø§Ù† Ù…ÛŒ Ø®ÙˆØ§Ù‡ÛŒØ¯ Ø¯Ø± Ø¢Ø²Ù…ÙˆÙ† Ø´Ø±Ú©Øª Ú©Ù†ÛŒØ¯. Ø¯Ø± Ù†ØªÛŒØ¬Ù‡ 2 Ø²Ø¨Ø§Ù† (ÙØ§Ø±Ø³ÛŒ Ùˆ Ø§Ù†Ú¯Ù„ÛŒØ³ÛŒ) Ø±ÙˆÛŒ ØµÙØ­Ù‡ Ù†Ù…Ø§ÛŒØ´ Ø¯Ø§Ø¯Ù‡ Ù…ÛŒ Ø´ÙˆØ¯. Ù…ÛŒ ØªÙˆØ§Ù† Ø¢Ù†Ù‡Ø§ Ø±Ø§ ØªØºÛŒÛŒØ± Ø¯Ø§Ø¯.
115,20,1,G1 Exam Process:
116,20,2,Processus d'examen G1:
117,20,3,G1è€ƒè¯•æµç¨‹ï¼š
118,20,4,Proceso de examen G1:
119,20,5,ĞšĞ°Ğº Ğ¿Ñ€Ğ¾Ñ…Ğ¾Ğ´Ğ¸Ñ‚ G1 ÑĞºĞ·Ğ°Ğ¼ĞµĞ½?:
120,20,6,Ø±ÙˆÙ†Ø¯ Ø¢Ø²Ù…ÙˆÙ† G1:
121,21,1,"You receive a test. You will be assigned a queue number.
The DriveTest employee:
1) asks for a passport and old driving license from your country (if any)
3) asks in what language do you want the exam?
4) takes an eye exam from you
5) takes a picture of you
6) charges for the above.
Then skip the queue to take the exam to the computer.
The examiner asks you to set the phone to silent mode."
122,21,2,"Vous recevez un billet. Un numÃ©ro de file d'attente vous sera attribuÃ©.
L'employÃ© du Test au Volant:
1) vous demande un passeport et un ancien permis de conduire de votre pays (le cas Ã©chÃ©ant).
2) vous demande dans quelle langue vous souhaitez passer l'examen.
3) vous fait passer un examen de la vue (rÃ©pÃ©tez l'alphabet et les chiffres en anglais)
4) prend une photo de vous.
5) facture les frais ci-dessus
Passez ensuite la file d'attente pour passer l'examen Ã  l'ordinateur, qui sera en 2 langues (sÃ©lectionnÃ© et anglais). Il est possible de les changer.
L'examinateur vous demande de mettre le tÃ©lÃ©phone en mode silencieux"
123,21,3,"ä½ æ”¶åˆ°ä¸€å¼ ç¥¨ã€‚ æ‚¨å°†è¢«åˆ†é…ä¸€ä¸ªé˜Ÿåˆ—å·ã€‚
ä¸­å¿ƒå‘˜å·¥ï¼š
1) å‘æ‚¨çš„å›½å®¶ç´¢å–æŠ¤ç…§å’Œæ—§é©¾ç…§ï¼ˆå¦‚æœæœ‰ï¼‰
3ï¼‰ä¼šé—®ä½ æƒ³ç”¨ä»€ä¹ˆè¯­è¨€è€ƒè¯•ï¼Ÿ
4) å°†æ¥å—æ‚¨çš„çœ¼ç§‘æ£€æŸ¥ï¼ˆç”¨è‹±è¯­é‡å¤å­—æ¯å’Œæ•°å­—ï¼‰
5ï¼‰ç»™ä½ æ‹ç…§
6ï¼‰å°†æ”¶å–ä¸Šè¿°è´¹ç”¨
ç„¶åè·³è¿‡é˜Ÿåˆ—å°†è€ƒè¯•å¸¦åˆ°è®¡ç®—æœºä¸Šï¼Œè¿™å°†æ˜¯ 2 ç§è¯­è¨€ï¼ˆé€‰å®šå’Œè‹±è¯­ï¼‰ã€‚ å®ƒä»¬å¯ä»¥åˆ‡æ¢ã€‚ è€ƒå®˜ä¼šè¦æ±‚æ‚¨å°†æ‰‹æœºè®¾ç½®ä¸ºé™éŸ³æ¨¡å¼ã€‚"
124,21,4,"Recibes un boleto. Se le asignarÃ¡ un nÃºmero de cola.
Empleado del centro:
1) le pedirÃ¡ un pasaporte y una licencia de conducir antigua de su paÃ­s (si corresponde)
3) te preguntarÃ¡ en que idioma quieres el examen?
4) le harÃ¡ un examen de la vista
5) tomarÃ¡ una foto de ti
6) cobrarÃ¡ por lo anterior.
Luego salte la cola para llevar el examen a la computadora.
El examinador le pedirÃ¡ que configure el telÃ©fono en modo silencioso."
125,21,5,"Ğ’Ñ‹ Ğ¿Ğ¾Ğ»ÑƒÑ‡Ğ°ĞµÑ‚Ğµ Ğ±Ğ¸Ğ»ĞµÑ‚. Ğ’Ğ°Ğ¼ Ğ±ÑƒĞ´ĞµÑ‚ Ğ¿Ñ€Ğ¸ÑĞ²Ğ¾ĞµĞ½ Ğ½Ğ¾Ğ¼ĞµÑ€ Ğ¾Ñ‡ĞµÑ€ĞµĞ´Ğ¸.
Ğ¡Ğ¾Ñ‚Ñ€ÑƒĞ´Ğ½Ğ¸Ğº Ñ†ĞµĞ½Ñ‚Ñ€Ğ°:
1) Ğ¿Ğ¾Ğ¿Ñ€Ğ¾ÑĞ¸Ñ‚ Ğ¿Ğ°ÑĞ¿Ğ¾Ñ€Ñ‚ Ğ¸ ÑÑ‚Ğ°Ñ€Ñ‹Ğµ Ğ²Ğ¾Ğ´Ğ¸Ñ‚ĞµĞ»ÑŒÑĞºĞ¸Ğµ Ğ¿Ñ€Ğ°Ğ²Ğ° Ğ¸Ğ· Ğ²Ğ°ÑˆĞµĞ¹ ÑÑ‚Ñ€Ğ°Ğ½Ñ‹ (ĞµÑĞ»Ğ¸ ĞµÑÑ‚ÑŒ)
3) ÑĞ¿Ñ€Ğ¾ÑĞ¸Ñ‚ Ğ½Ğ° ĞºĞ°ĞºĞ¾Ğ¼ ÑĞ·Ñ‹ĞºĞµ Ğ²Ñ‹ Ñ…Ğ¾Ñ‚Ğ¸Ñ‚Ğµ ÑĞºĞ·Ğ°Ğ¼ĞµĞ½?
4) Ğ²Ğ¾Ğ·ÑŒĞ¼ĞµÑ‚ Ñƒ Ğ²Ğ°Ñ Ğ¿Ñ€Ğ¾Ğ²ĞµÑ€ĞºÑƒ Ğ·Ñ€ĞµĞ½Ğ¸Ñ (Ğ¿Ğ¾Ğ²Ñ‚Ğ¾Ñ€Ğ¸Ñ‚Ğµ Ğ°Ğ»Ñ„Ğ°Ğ²Ğ¸Ñ‚ Ğ¸ Ñ†Ğ¸Ñ„Ñ€Ñ‹ Ğ½Ğ° Ğ°Ğ½Ğ³Ğ»Ğ¸Ğ¹ÑĞºĞ¾Ğ¼ ÑĞ·Ñ‹ĞºĞµ)
5) ÑÑ„Ğ¾Ñ‚Ğ¾Ğ³Ñ€Ğ°Ñ„Ğ¸Ñ€ÑƒĞµÑ‚ Ğ²Ğ°Ñ
6) Ğ²Ğ¾Ğ·ÑŒĞ¼ĞµÑ‚ Ğ¿Ğ»Ğ°Ñ‚Ñƒ Ğ·Ğ° Ğ²Ñ‹ÑˆĞµÑƒĞºĞ°Ğ·Ğ°Ğ½Ğ½Ğ¾Ğµ
Ğ—Ğ°Ñ‚ĞµĞ¼ Ğ¿Ñ€Ğ¾Ñ…Ğ¾Ğ´Ğ¸Ñ‚Ğµ Ğ±ĞµĞ· Ğ¾Ñ‡ĞµÑ€ĞµĞ´Ğ¸ Ğ½Ğ° ÑĞ´Ğ°Ñ‡Ñƒ ÑĞºĞ·Ğ°Ğ¼ĞµĞ½Ğ° Ğº ĞºĞ¾Ğ¼Ğ¿ÑŒÑÑ‚ĞµÑ€Ñƒ, Ğ½Ğ° ĞºĞ¾Ñ‚Ğ¾Ñ€Ğ¾Ğ¼ Ğ±ÑƒĞ´ĞµÑ‚ 2 ÑĞ·Ñ‹ĞºĞ° (Ñ€ÑƒÑÑĞºĞ¸Ğ¹ Ğ¸ Ğ°Ğ½Ğ³Ğ»Ğ¸Ğ¹ÑĞºĞ¸Ğ¹). Ğ˜Ñ… Ğ¼Ğ¾Ğ¶Ğ½Ğ¾ Ğ±ÑƒĞ´ĞµÑ‚ Ğ¿ĞµÑ€ĞµĞºĞ»ÑÑ‡Ğ°Ñ‚ÑŒ.
Ğ­ĞºĞ·Ğ°Ğ¼ĞµĞ½Ğ°Ñ‚Ğ¾Ñ€ Ğ¿Ğ¾Ğ¿Ñ€Ğ¾ÑĞ¸Ñ‚ Ğ²Ğ°Ñ Ğ¿ĞµÑ€ĞµĞ²ĞµÑÑ‚Ğ¸ Ñ‚ĞµĞ»ĞµÑ„Ğ¾Ğ½ Ğ² Ğ±ĞµĞ·Ğ·Ğ²ÑƒÑ‡Ğ½Ñ‹Ğ¹ Ñ€ĞµĞ¶Ğ¸Ğ¼."
126,21,6,"Ø´Ù…Ø§ ÛŒÚ© Ø¢Ø²Ù…ÙˆÙ† Ø¯Ø±ÛŒØ§ÙØª Ù…ÛŒ Ú©Ù†ÛŒØ¯. Ø¨Ù‡ Ø´Ù…Ø§ ÛŒÚ© Ø´Ù…Ø§Ø±Ù‡ ØµÙ Ø§Ø®ØªØµØ§Øµ Ø¯Ø§Ø¯Ù‡ Ù…ÛŒ Ø´ÙˆØ¯.
Ú©Ø§Ø±Ù…Ù†Ø¯ DriveTest:
1) Ø¯Ø±Ø®ÙˆØ§Ø³Øª Ù¾Ø§Ø³Ù¾ÙˆØ±Øª Ùˆ Ú¯ÙˆØ§Ù‡ÛŒÙ†Ø§Ù…Ù‡ Ø±Ø§Ù†Ù†Ø¯Ú¯ÛŒ Ù‚Ø¯ÛŒÙ…ÛŒ Ø§Ø² Ú©Ø´ÙˆØ± Ø´Ù…Ø§ (Ø¯Ø± ØµÙˆØ±Øª ÙˆØ¬ÙˆØ¯)
3) Ù…ÛŒ Ù¾Ø±Ø³Ø¯ Ø¨Ù‡ Ú†Ù‡ Ø²Ø¨Ø§Ù†ÛŒ Ø§Ù…ØªØ­Ø§Ù† Ù…ÛŒ Ø®ÙˆØ§Ù‡ÛŒØ¯ØŸ
4) Ø§Ø² Ø´Ù…Ø§ Ù…Ø¹Ø§ÛŒÙ†Ù‡ Ú†Ø´Ù… Ù…ÛŒ Ú¯ÛŒØ±Ø¯
5) Ø§Ø² Ø´Ù…Ø§ Ø¹Ú©Ø³ Ù…ÛŒ Ú¯ÛŒØ±Ø¯
6) Ù‡Ø²ÛŒÙ†Ù‡ Ø¨Ø±Ø§ÛŒ Ù…ÙˆØ§Ø±Ø¯ ÙÙˆÙ‚
Ø³Ù¾Ø³ Ø§Ø² ØµÙ Ø¨Ø±Ø§ÛŒ Ø´Ø±Ú©Øª Ø¯Ø± Ø§Ù…ØªØ­Ø§Ù† Ø¨Ù‡ Ú©Ø§Ù…Ù¾ÛŒÙˆØªØ± Ø¨Ú¯Ø°Ø±ÛŒØ¯.
Ù…Ù…ØªØ­Ù† Ø§Ø² Ø´Ù…Ø§ Ù…ÛŒ Ø®ÙˆØ§Ù‡Ø¯ Ú©Ù‡ Ú¯ÙˆØ´ÛŒ Ø±Ø§ Ø±ÙˆÛŒ Ø­Ø§Ù„Øª Ø¨ÛŒ ØµØ¯Ø§ Ù‚Ø±Ø§Ø± Ø¯Ù‡ÛŒØ¯."
127,22,1,How many mistakes can you make?
128,22,2,Combien d'erreurs pouvez-vous faire?
129,22,3,ä½ èƒ½çŠ¯å¤šå°‘é”™è¯¯ï¼Ÿ
130,22,4,Â¿CuÃ¡ntos errores puedes cometer?
131,22,5,Ğ¡ĞºĞ¾Ğ»ÑŒĞºĞ¾ Ğ¾ÑˆĞ¸Ğ±Ğ¾Ğº Ğ¼Ğ¾Ğ³Ñƒ Ñ ÑĞ´ĞµĞ»Ğ°Ñ‚ÑŒ?
132,22,6,Ú†Ù‚Ø¯Ø± Ù…ÛŒ ØªÙˆØ§Ù†ÛŒØ¯ Ø§Ø´ØªØ¨Ø§Ù‡ Ú©Ù†ÛŒØ¯ØŸ
133,23,1,Out of 40 questions 4 mistakes can be made.
134,23,2,"Sur 40 questions, 4 erreurs peuvent Ãªtre commises."
135,23,3,åœ¨ 40 ä¸ªé—®é¢˜ä¸­ï¼Œå¯èƒ½ä¼šçŠ¯ 4 ä¸ªé”™è¯¯ã€‚
136,23,4,"De 40 preguntas, se pueden cometer 4 errores."
137,23,5,Ğ˜Ğ· 40 Ğ²Ğ¾Ğ¿Ñ€Ğ¾ÑĞ¾Ğ² Ğ¼Ğ¾Ğ¶Ğ½Ğ¾ ÑĞ´ĞµĞ»Ğ°Ñ‚ÑŒ 4 Ğ¾ÑˆĞ¸Ğ±ĞºĞ¸.
138,23,6,Ø§Ø² 40 Ø³ÙˆØ§Ù„ØŒ 4 Ø§Ø´ØªØ¨Ø§Ù‡ Ù‚Ø§Ø¨Ù„ Ø§Ù†Ø¬Ø§Ù… Ø§Ø³Øª.
139,24,1,How much time do I have for 40 questions?
140,24,2,Combien de temps aurai-je pour 40 questions?
141,24,3,æˆ‘æœ‰ 40 ä¸ªé—®é¢˜éœ€è¦å¤šé•¿æ—¶é—´ï¼Ÿ
142,24,4,How long will I have for 40 questions?
143,24,5,Ğ¡ĞºĞ¾Ğ»ÑŒĞºĞ¾ Ğ²Ñ€ĞµĞ¼ĞµĞ½Ğ¸ Ñƒ Ğ¼ĞµĞ½Ñ Ğ±ÑƒĞ´ĞµÑ‚ Ğ½Ğ° 40 Ğ²Ğ¾Ğ¿Ñ€Ğ¾ÑĞ¾Ğ²?
144,24,6,Ø¨Ø±Ø§ÛŒ 40 Ø³ÙˆØ§Ù„ Ú†Ù‚Ø¯Ø± ÙˆÙ‚Øª Ø¯Ø§Ø±Ù…ØŸ
145,25,1,Unlimited
146,25,2,IllimitÃ©
147,25,3,Unlimited
148,25,4,Unlimited
149,25,5,ĞĞµĞ¾Ğ³Ñ€Ğ°Ğ½Ğ¸Ñ‡ĞµĞ½Ğ½Ğ¾Ğµ Ğ²Ñ€ĞµĞ¼Ñ
150,25,6,Ù†Ø§Ù…Ø­Ø¯ÙˆØ¯
151,26,1,Exam Documents
152,26,2,Documents d'examen
153,26,3,è€ƒè¯•æ–‡ä»¶
154,26,4,Documentos de examen
155,26,5,ĞšĞ°ĞºĞ¸Ğµ Ğ´Ğ¾ĞºÑƒĞ¼ĞµĞ½Ñ‚Ñ‹ Ğ½ÑƒĞ¶Ğ½Ñ‹ Ğ´Ğ»Ñ ÑĞºĞ·Ğ°Ğ¼ĞµĞ½Ğ°?
156,26,6,Ù…Ø¯Ø§Ø±Ú© Ø§Ù…ØªØ­Ø§Ù†ÛŒ
157,27,1,"Passport
Eye exam may be taken at the DriveTest
Money (cards only)"
158,27,2,"Passeport
L'examen de la vue peut Ãªtre passÃ© au centre
Argent (seules les cartes sont acceptÃ©es pendant la pandÃ©mie)"
159,27,3,"æŠ¤ç…§
ä¸­å¿ƒå¯è¿›è¡Œçœ¼ç§‘æ£€æŸ¥
é’±ï¼ˆå¤§æµè¡ŒæœŸé—´åªæ¥å—å¡ï¼‰"
160,27,4,"Pasaporte
El examen de la vista se puede tomar en el centro.
Dinero (solo se aceptan tarjetas durante la pandemia)"
161,27,5,"ĞŸĞ°ÑĞ¿Ğ¾Ñ€Ñ‚
ĞŸÑ€Ğ¾Ğ²ĞµÑ€ĞºÑƒ Ğ·Ñ€ĞµĞ½Ğ¸Ñ Ğ¼Ğ¾Ğ¶Ğ½Ğ¾ ÑĞ´Ğ°Ñ‚ÑŒ Ñ‚Ğ°Ğ¼ Ğ¶Ğµ.
Ğ”ĞµĞ½ÑŒĞ³Ğ¸ (Ğ¿Ñ€Ğ¸Ğ½Ğ¸Ğ¼Ğ°ÑÑ‚ÑÑ Ñ‚Ğ¾Ğ»ÑŒĞºĞ¾ ĞºĞ°Ñ€Ñ‚Ñ‹ Ğ²Ğ¾ Ğ²Ñ€ĞµĞ¼Ñ Ğ¿Ğ°Ğ½Ğ´ĞµĞ¼Ğ¸Ğ¸)"
162,27,6,"Ú¯Ø°Ø±Ù†Ø§Ù…Ù‡
Ù…Ø¹Ø§ÛŒÙ†Ù‡ Ú†Ø´Ù… Ù…Ù…Ú©Ù† Ø§Ø³Øª Ø¯Ø± DriveTest Ø§Ù†Ø¬Ø§Ù… Ø´ÙˆØ¯
Ù¾ÙˆÙ„ (ÙÙ‚Ø· Ú©Ø§Ø±Øª)"
163,28,1,Do not park:
164,28,2,Ne pas stationner:
165,28,3,è«‹å‹¿åœè»Šï¼š
166,28,4,No aparcar:
167,28,5,Ğ—Ğ°Ğ¿Ñ€ĞµÑ‰ĞµĞ½Ğ¾ Ğ¿Ğ°Ñ€ĞºĞ¾Ğ²Ğ°Ñ‚ÑŒÑÑ
168,28,6,Ù¾Ø§Ø±Ú© Ù†Ú©Ù†ÛŒØ¯:
169,29,1,"- within 3 metres of a fire hydrant
- within 9 metres of an uncontrolled intersection
- within 15 metres if it is controlled by traffic lights
- within 15 metres of the nearest rail of a level railway crossing
- on a curve, hill or anywhere you do not have a clear view for at least 125 metres in both directions"
170,29,2,"- Ã  moins de 3 mÃ¨tres d'une bouche d'incendie
- Ã  moins de 9 mÃ¨tres d'une intersection non contrÃ´lÃ©e
- Ã  moins de 15 mÃ¨tres s'il est contrÃ´lÃ© par des feux de circulation
- Ã  moins de 15 mÃ¨tres du rail le plus proche d'un passage Ã  niveau
- dans une courbe, une colline ou n'importe oÃ¹ vous n'avez pas une vue dÃ©gagÃ©e sur au moins 125 mÃ¨tres dans les deux sens"
171,29,3,"- è·é›¢æ¶ˆé˜²æ “3ç±³ä»¥å…§
- åœ¨ä¸å—æ§åˆ¶çš„åå­—è·¯å£ 9 ç±³ç¯„åœå…§
- 15ç±³ä»¥å…§ï¼Œå¦‚æœæœ‰ç´…ç¶ ç‡ˆæ§åˆ¶
- è·é›¢æœ€è¿‘çš„æ°´å¹³éµè·¯é“å£è»Œé“ 15 ç±³ä»¥å…§
- åœ¨å½é“ã€å±±ä¸˜æˆ–ä»»ä½•æ‚¨åœ¨å…©å€‹æ–¹å‘è‡³å°‘ 125 ç±³å…§éƒ½çœ‹ä¸åˆ°æ¸…æ™°è¦–é‡çš„åœ°æ–¹"
172,29,4,"- a menos de 3 metros de una boca de incendios
- dentro de los 9 metros de una intersecciÃ³n no controlada
- dentro de 15 metros si estÃ¡ controlado por semÃ¡foros
- dentro de los 15 metros de la vÃ­a mÃ¡s cercana de un paso a nivel
- en una curva, colina o en cualquier lugar donde no tenga una visiÃ³n clara de al menos 125 metros en ambas direcciones"
173,29,5,"- Ğ² Ğ¿Ñ€ĞµĞ´ĞµĞ»Ğ°Ñ… 3 Ğ¼ĞµÑ‚Ñ€Ğ¾Ğ² Ğ¾Ñ‚ Ğ¿Ğ¾Ğ¶Ğ°Ñ€Ğ½Ğ¾Ğ³Ğ¾ ĞºÑ€Ğ°Ğ½Ğ°
- Ğ² Ğ¿Ñ€ĞµĞ´ĞµĞ»Ğ°Ñ… 9 Ğ¼ĞµÑ‚Ñ€Ğ¾Ğ² Ğ¾Ñ‚ Ğ½ĞµÑ€ĞµĞ³ÑƒĞ»Ğ¸Ñ€ÑƒĞµĞ¼Ğ¾Ğ³Ğ¾ Ğ¿ĞµÑ€ĞµĞºÑ€ĞµÑÑ‚ĞºĞ°
- Ğ² Ğ¿Ñ€ĞµĞ´ĞµĞ»Ğ°Ñ… 15 Ğ¼ĞµÑ‚Ñ€Ğ¾Ğ², ĞµÑĞ»Ğ¸ Ğ¾Ğ½ ĞºĞ¾Ğ½Ñ‚Ñ€Ğ¾Ğ»Ğ¸Ñ€ÑƒĞµÑ‚ÑÑ ÑĞ²ĞµÑ‚Ğ¾Ñ„Ğ¾Ñ€Ğ¾Ğ¼
- Ğ² Ğ¿Ñ€ĞµĞ´ĞµĞ»Ğ°Ñ… 15 Ğ¼ĞµÑ‚Ñ€Ğ¾Ğ² Ğ¾Ñ‚ Ğ±Ğ»Ğ¸Ğ¶Ğ°Ğ¹ÑˆĞµĞ³Ğ¾ Ñ€ĞµĞ»ÑŒÑĞ° Ğ½Ğ°Ğ·ĞµĞ¼Ğ½Ğ¾Ğ³Ğ¾ Ğ¶ĞµĞ»ĞµĞ·Ğ½Ğ¾Ğ´Ğ¾Ñ€Ğ¾Ğ¶Ğ½Ğ¾Ğ³Ğ¾ Ğ¿ĞµÑ€ĞµĞµĞ·Ğ´Ğ°
- Ğ½Ğ° Ğ¿Ğ¾Ğ²Ğ¾Ñ€Ğ¾Ñ‚Ğµ, Ñ…Ğ¾Ğ»Ğ¼Ğµ Ğ¸Ğ»Ğ¸ Ğ² Ğ»ÑĞ±Ğ¾Ğ¼ Ğ´Ñ€ÑƒĞ³Ğ¾Ğ¼ Ğ¼ĞµÑÑ‚Ğµ Ñƒ Ğ²Ğ°Ñ Ğ½ĞµÑ‚ Ñ‡ĞµÑ‚ĞºĞ¾Ğ³Ğ¾ Ğ¾Ğ±Ğ·Ğ¾Ñ€Ğ° Ğ½Ğµ Ğ¼ĞµĞ½ĞµĞµ 125 Ğ¼ĞµÑ‚Ñ€Ğ¾Ğ² Ğ² Ğ¾Ğ±Ğ¾Ğ¸Ñ… Ğ½Ğ°Ğ¿Ñ€Ğ°Ğ²Ğ»ĞµĞ½Ğ¸ÑÑ…"
174,29,6,"- Ø¯Ø± ÙØ§ØµÙ„Ù‡ 3 Ù…ØªØ±ÛŒ Ø´ÛŒØ± Ø¢ØªØ´ Ù†Ø´Ø§Ù†ÛŒ
- Ø¯Ø± ÙØ§ØµÙ„Ù‡ 9 Ù…ØªØ±ÛŒ Ø§Ø² ÛŒÚ© ØªÙ‚Ø§Ø·Ø¹ Ú©Ù†ØªØ±Ù„ Ù†Ø´Ø¯Ù‡
- Ø¯Ø± ÙØ§ØµÙ„Ù‡ 15 Ù…ØªØ±ÛŒ Ø§Ú¯Ø± ØªÙˆØ³Ø· Ú†Ø±Ø§Øº Ø±Ø§Ù‡Ù†Ù…Ø§ÛŒÛŒ Ú©Ù†ØªØ±Ù„ Ø´ÙˆØ¯
- Ø¯Ø± ÙØ§ØµÙ„Ù‡ 15 Ù…ØªØ±ÛŒ Ù†Ø²Ø¯ÛŒÚ©ØªØ±ÛŒÙ† Ø±Ø§Ù‡ Ø¢Ù‡Ù† ÛŒÚ© Ú¯Ø°Ø±Ú¯Ø§Ù‡ Ø±Ø§Ù‡ Ø¢Ù‡Ù† Ù‡Ù…ÙˆØ§Ø±
- Ø±ÙˆÛŒ ÛŒÚ© Ù…Ù†Ø­Ù†ÛŒØŒ ØªÙ¾Ù‡ ÛŒØ§ Ù‡Ø± Ø¬Ø§ÛŒÛŒ Ú©Ù‡ Ø¯ÛŒØ¯ ÙˆØ§Ø¶Ø­ÛŒ Ø¨Ø±Ø§ÛŒ Ø­Ø¯Ø§Ù‚Ù„ 125 Ù…ØªØ± Ø¯Ø± Ù‡Ø± Ø¯Ùˆ Ø¬Ù‡Øª Ù†Ø¯Ø§Ø±ÛŒØ¯."
175,30,1,7 Demerit points you can get for:
176,30,2,7 points d'inaptitude que vous pouvez obtenir pour :
177,30,3,æ‚¨å¯ä»¥ç²å¾— 7 å€‹æ‰£åˆ†ï¼š
178,30,4,7 puntos de demÃ©rito que puedes obtener por:
179,30,5,7 ÑˆÑ‚Ñ€Ğ°Ñ„Ğ½Ñ‹Ñ… Ğ±Ğ°Ğ»Ğ»Ğ¾Ğ² Ğ²Ñ‹Ğ´Ğ°ÑÑ‚ÑÑ Ğ·Ğ°:
180,30,6,7 Ø§Ù…ØªÛŒØ§Ø² Ù…Ù†ÙÛŒ Ú©Ù‡ Ù…ÛŒ ØªÙˆØ§Ù†ÛŒØ¯ Ø¨Ø±Ø§ÛŒ Ø¢Ù†Ù‡Ø§ Ú©Ø³Ø¨ Ú©Ù†ÛŒØ¯:
181,31,1,"- failing to remain at the scene of a collision
- failing to stop when signaled or asked by a police officer"
182,31,2,"- dÃ©faut de rester sur les lieux d'une collision
- ne pas s'arrÃªter au signal ou Ã  la demande d'un policier"
183,31,3,"- æœªèƒ½ç•™åœ¨ç¢°æ’ç¾å ´
- åœ¨è­¦å®˜ç¤ºæ„æˆ–è¦æ±‚æ™‚æœªèƒ½åœè»Š"
184,31,4,"- no permanecer en la escena de una colisiÃ³n
- no detenerse cuando un oficial de policÃ­a se lo indica o lo solicita"
185,31,5,"- Ğ½Ğµ Ğ¾ÑÑ‚Ğ°Ğ»Ğ¸ÑÑŒ Ğ½Ğ° Ğ¼ĞµÑÑ‚Ğµ ÑÑ‚Ğ¾Ğ»ĞºĞ½Ğ¾Ğ²ĞµĞ½Ğ¸Ñ
- Ğ½Ğµ Ğ¾ÑÑ‚Ğ°Ğ½Ğ¾Ğ²Ğ¸Ğ»Ğ¸ÑÑŒ Ğ¿Ğ¾ ÑĞ¸Ğ³Ğ½Ğ°Ğ»Ñƒ Ğ¸Ğ»Ğ¸ Ğ¿Ñ€Ğ¾ÑÑŒĞ±Ğµ ÑĞ¾Ñ‚Ñ€ÑƒĞ´Ğ½Ğ¸ĞºĞ° Ğ¿Ğ¾Ğ»Ğ¸Ñ†Ğ¸Ğ¸"
186,31,6,"- Ø¹Ø¯Ù… Ù…Ø§Ù†Ø¯Ù† Ø¯Ø± ØµØ­Ù†Ù‡ Ø¨Ø±Ø®ÙˆØ±Ø¯
- Ø¹Ø¯Ù… ØªÙˆÙ‚Ù Ø¯Ø± Ù‡Ù†Ú¯Ø§Ù… Ø¹Ù„Ø§Ù…Øª ÛŒØ§ Ø¯Ø±Ø®ÙˆØ§Ø³Øª ØªÙˆØ³Ø· Ø§ÙØ³Ø± Ù¾Ù„ÛŒØ³"
187,32,1,6 Demerit points you can get for:
188,32,2,6 points d'inaptitude que vous pouvez obtenir pour :
189,32,3,æ‚¨å¯ä»¥ç²å¾— 6 å€‹æ‰£åˆ†ï¼š
190,32,4,6 puntos de demÃ©rito que puedes obtener por:
191,32,5,6 ÑˆÑ‚Ñ€Ğ°Ñ„Ğ½Ñ‹Ñ… Ğ±Ğ°Ğ»Ğ»Ğ¾Ğ² Ğ²Ñ‹Ğ´Ğ°ÑÑ‚ÑÑ Ğ·Ğ°:
192,32,6,6 Ø§Ù…ØªÛŒØ§Ø² Ù…Ù†ÙÛŒ Ú©Ù‡ Ù…ÛŒ ØªÙˆØ§Ù†ÛŒØ¯ Ø¨Ø±Ø§ÛŒ Ø¢Ù†Ù‡Ø§ Ú©Ø³Ø¨ Ú©Ù†ÛŒØ¯:
193,33,1,"- failing to stop for a school bus
- careless driving
- racing
- exceeding the speed limit by 50 km/h or more"
194,33,2,"- ne pas s'arrÃªter pour un autobus scolaire
- conduite dangeureuse
- course
- dÃ©passement de la limite de vitesse de 50 km/h ou plus"
195,33,3,"- æ²’æœ‰åœä¸‹ä¾†ç­‰æ ¡è»Š
- ç²—å¿ƒé§•é§›
- è³½è»Š
- è¶…éé™é€Ÿ 50 å…¬é‡Œ/å°æ™‚æˆ–æ›´å¤š"
196,33,4,"- no detenerse para un autobÃºs escolar
- conducciÃ³n descuidada
- carreras
- exceder el lÃ­mite de velocidad en 50 km/h o mÃ¡s"
197,33,5,"- Ğ½Ğµ Ğ¾ÑÑ‚Ğ°Ğ½Ğ°Ğ²Ğ¸Ğ»ÑÑ Ğ¿ĞµÑ€ĞµĞ´ ÑˆĞºĞ¾Ğ»ÑŒĞ½Ñ‹Ğ¼ Ğ°Ğ²Ñ‚Ğ¾Ğ±ÑƒÑĞ¾Ğ¼
- Ğ¾Ğ¿Ğ°ÑĞ½Ğ¾Ğµ Ğ²Ğ¾Ğ¶Ğ´ĞµĞ½Ğ¸Ğµ
- Ğ³Ğ¾Ğ½ĞºĞ¸
- Ğ¿Ñ€ĞµĞ²Ñ‹ÑˆĞµĞ½Ğ¸Ğµ ÑĞºĞ¾Ñ€Ğ¾ÑÑ‚Ğ½Ğ¾Ğ³Ğ¾ Ñ€ĞµĞ¶Ğ¸Ğ¼Ğ° Ğ½Ğ° 50 ĞºĞ¼/Ñ‡ Ğ¸ Ğ±Ğ¾Ğ»ĞµĞµ"
198,33,6,"- Ø¹Ø¯Ù… ØªÙˆÙ‚Ù Ø¨Ø±Ø§ÛŒ Ø§ØªÙˆØ¨ÙˆØ³ Ù…Ø¯Ø±Ø³Ù‡
- Ø±Ø§Ù†Ù†Ø¯Ú¯ÛŒ Ø¨ÛŒ Ø§Ø­ØªÛŒØ§Ø·
- Ù…Ø³Ø§Ø¨Ù‚Ù‡
- Ø¨ÛŒØ´ Ø§Ø² Ø­Ø¯ Ù…Ø¬Ø§Ø² Ø³Ø±Ø¹Øª 50 Ú©ÛŒÙ„ÙˆÙ…ØªØ± Ø¯Ø± Ø³Ø§Ø¹Øª ÛŒØ§ Ø¨ÛŒØ´ØªØ±"
199,34,1,4 Demerit points you can get for:
200,34,2,4 points d'inaptitude que vous pouvez obtenir pour :
201,34,3,æ‚¨å¯ä»¥ç²å¾— 4 å€‹æ‰£åˆ†ï¼š
202,34,4,4 puntos de demÃ©rito que puedes obtener por:
203,34,5,4 ÑˆÑ‚Ñ€Ğ°Ñ„Ğ½Ñ‹Ñ… Ğ±Ğ°Ğ»Ğ»Ğ° Ğ¼Ğ¾Ğ¶Ğ½Ğ¾ Ğ¿Ğ¾Ğ»ÑƒÑ‡Ğ¸Ñ‚ÑŒ Ğ·Ğ°:
204,34,6,4 Ø§Ù…ØªÛŒØ§Ø² Ù…Ù†ÙÛŒ Ú©Ù‡ Ù…ÛŒ ØªÙˆØ§Ù†ÛŒØ¯ Ø¨Ø±Ø§ÛŒ Ø¢Ù†Ù‡Ø§ Ú©Ø³Ø¨ Ú©Ù†ÛŒØ¯:
205,35,1,"- exceeding the speed limit by 30 to 49 km/h
- following too closely
- failing to stop at a pedestrian crossover"
206,35,2,"- dÃ©passement de la limite de vitesse de 30 Ã  49 km/h
- suivre de trop prÃ¨s
- ne pas s'arrÃªter Ã  un passage pour piÃ©tons"
207,35,3,"- è¶…éé™é€Ÿ 30 è‡³ 49 å…¬é‡Œ/å°æ™‚
- è·Ÿå¾—å¤ªç·Š
- æœªèƒ½åœ¨äººè¡Œå¤©æ©‹è™•åœè»Š"
208,35,4,"- exceder el lÃ­mite de velocidad de 30 a 49 km/h
- siguiendo demasiado de cerca
- no detenerse en un paso de peatones"
209,35,5,"- Ğ¿Ñ€ĞµĞ²Ñ‹ÑˆĞµĞ½Ğ¸Ğµ ÑĞºĞ¾Ñ€Ğ¾ÑÑ‚Ğ½Ğ¾Ğ³Ğ¾ Ñ€ĞµĞ¶Ğ¸Ğ¼Ğ° Ğ¾Ñ‚ 30 Ğ´Ğ¾ 49 ĞºĞ¼/Ñ‡
- ÑĞ»Ğ¸ÑˆĞºĞ¾Ğ¼ Ğ²Ğ½Ğ¸Ğ¼Ğ°Ñ‚ĞµĞ»ÑŒĞ½Ğ¾ ÑĞ»ĞµĞ´Ğ¸Ñ‚ÑŒ
- Ğ½Ğµ Ğ¾ÑÑ‚Ğ°Ğ½Ğ¾Ğ²Ğ¸Ğ²ÑˆĞ¸ÑÑŒ Ğ¿ĞµÑ€ĞµĞ´ Ğ¿ĞµÑˆĞµÑ…Ğ¾Ğ´Ğ½Ñ‹Ğ¼ Ğ¿ĞµÑ€ĞµÑ…Ğ¾Ğ´Ğ¾Ğ¼"
210,35,6,"- ØªØ¬Ø§ÙˆØ² Ø§Ø² Ø­Ø¯ Ù…Ø¬Ø§Ø² Ø³Ø±Ø¹Øª 30 ØªØ§ 49 Ú©ÛŒÙ„ÙˆÙ…ØªØ± Ø¯Ø± Ø³Ø§Ø¹Øª
- Ø§Ø² Ù†Ø²Ø¯ÛŒÚ© Ø¯Ù†Ø¨Ø§Ù„ Ú©Ø±Ø¯Ù†
- Ø¹Ø¯Ù… ØªÙˆÙ‚Ù Ø¯Ø± ØªÙ‚Ø§Ø·Ø¹ Ø¹Ø§Ø¨Ø± Ù¾ÛŒØ§Ø¯Ù‡"
211,36,1,3 Demerit points you can get for:
212,36,2,3 points d'inaptitude que vous pouvez obtenir pour :
213,36,3,æ‚¨å¯ä»¥ç²å¾—çš„ 3 å€‹æ‰£åˆ†ï¼š
214,36,4,3 puntos de demÃ©rito que puedes obtener por:
215,36,5,3 ÑˆÑ‚Ñ€Ğ°Ñ„Ğ½Ñ‹Ñ… Ğ±Ğ°Ğ»Ğ»Ğ° Ğ¼Ğ¾Ğ¶Ğ½Ğ¾ Ğ¿Ğ¾Ğ»ÑƒÑ‡Ğ¸Ñ‚ÑŒ Ğ·Ğ°:
216,36,6,3 Ø§Ù…ØªÛŒØ§Ø² Ù…Ù†ÙÛŒ Ú©Ù‡ Ù…ÛŒ ØªÙˆØ§Ù†ÛŒØ¯ Ø¨Ø±Ø§ÛŒ Ø¢Ù†Ù‡Ø§ Ú©Ø³Ø¨ Ú©Ù†ÛŒØ¯:
217,37,1,"- driving while holding or using a hand-held wireless communications or entertainment device
- driving through, around or under a railway crossing barrier
- exceeding the speed limit by 16 to 29 km/h
- going the wrong way on a one-way road
- driving a vehicle equipped with a radar detector
- improper use of a high-occupancy vehicle (HOV) lane
- failing to yield the right-of-way"
218,37,2,"- conduire en tenant ou en utilisant un appareil portatif de communication ou de divertissement sans fil
- traverser, contourner ou passer sous une barriÃ¨re de passage Ã  niveau
- dÃ©passement de la limite de vitesse de 16 Ã  29 km/h
- faire fausse route sur une route Ã  sens unique
- conduite d'un vÃ©hicule Ã©quipÃ© d'un dÃ©tecteur de radar
- utilisation inappropriÃ©e d'une voie rÃ©servÃ©e aux vÃ©hicules Ã  occupation multiple (VMO)
- ne pas cÃ©der le droit de passage"
219,37,3,"- é§•é§›æ™‚æ‰‹æŒæˆ–ä½¿ç”¨æ‰‹æŒç„¡ç·šé€šä¿¡æˆ–å¨›æ¨‚è¨­å‚™
- é§›éã€ç¹éæˆ–åœ¨éµè·¯é“å£è­·æ¬„ä¸‹è¡Œé§›
- è¶…éé™é€Ÿ 16 è‡³ 29 å…¬é‡Œ/å°æ™‚
- åœ¨å–®è¡Œé“ä¸Šèµ°éŒ¯è·¯
- é§•é§›è£æœ‰é›·é”æ¢æ¸¬å™¨çš„è»Šè¼›
- ä¸ç•¶ä½¿ç”¨é«˜æ‰¿è¼‰è»Šè¼› (HOV) è»Šé“
- æœªèƒ½è®“å‡ºå…ˆè¡Œæ¬Š"
220,37,4,"- conducir mientras se sostiene o se usa un dispositivo portÃ¡til de comunicaciones inalÃ¡mbricas o de entretenimiento
- conducir a travÃ©s, alrededor o debajo de una barrera de cruce de ferrocarril
- exceder el lÃ­mite de velocidad de 16 a 29 km/h
- ir en sentido contrario en una carretera de un solo sentido
- conducir un vehÃ­culo equipado con un detector de radar
- uso inapropiado de un carril para vehÃ­culos de alta ocupaciÃ³n (HOV)
- no ceder el derecho de paso"
221,37,5,"- ÑƒĞ¿Ñ€Ğ°Ğ²Ğ»ÑÑ‚ÑŒ Ğ°Ğ²Ñ‚Ğ¾Ğ¼Ğ¾Ğ±Ğ¸Ğ»ĞµĞ¼, Ğ´ĞµÑ€Ğ¶Ğ° Ğ² Ñ€ÑƒĞºĞ°Ñ… Ğ¸Ğ»Ğ¸ Ğ¸ÑĞ¿Ğ¾Ğ»ÑŒĞ·ÑƒÑ Ğ¿Ğ¾Ñ€Ñ‚Ğ°Ñ‚Ğ¸Ğ²Ğ½Ğ¾Ğµ ÑƒÑÑ‚Ñ€Ğ¾Ğ¹ÑÑ‚Ğ²Ğ¾ Ğ±ĞµÑĞ¿Ñ€Ğ¾Ğ²Ğ¾Ğ´Ğ½Ğ¾Ğ¹ ÑĞ²ÑĞ·Ğ¸ Ğ¸Ğ»Ğ¸ Ñ€Ğ°Ğ·Ğ²Ğ»ĞµĞºĞ°Ñ‚ĞµĞ»ÑŒĞ½Ğ¾Ğµ ÑƒÑÑ‚Ñ€Ğ¾Ğ¹ÑÑ‚Ğ²Ğ¾
- Ğ¿Ñ€Ğ¾ĞµĞ·Ğ´ Ñ‡ĞµÑ€ĞµĞ·, Ğ²Ğ¾ĞºÑ€ÑƒĞ³ Ğ¸Ğ»Ğ¸ Ğ¿Ğ¾Ğ´ ÑˆĞ»Ğ°Ğ³Ğ±Ğ°ÑƒĞ¼Ğ¾Ğ¼ Ğ¶ĞµĞ»ĞµĞ·Ğ½Ğ¾Ğ´Ğ¾Ñ€Ğ¾Ğ¶Ğ½Ğ¾Ğ³Ğ¾ Ğ¿ĞµÑ€ĞµĞµĞ·Ğ´Ğ°
- Ğ¿Ñ€ĞµĞ²Ñ‹ÑˆĞµĞ½Ğ¸Ğµ ÑĞºĞ¾Ñ€Ğ¾ÑÑ‚Ğ½Ğ¾Ğ³Ğ¾ Ñ€ĞµĞ¶Ğ¸Ğ¼Ğ° Ğ¾Ñ‚ 16 Ğ´Ğ¾ 29 ĞºĞ¼/Ñ‡
- Ğ¸Ğ´Ñ‚Ğ¸ Ğ½Ğµ Ğ² Ñ‚Ñƒ ÑÑ‚Ğ¾Ñ€Ğ¾Ğ½Ñƒ Ğ¿Ğ¾ Ğ´Ğ¾Ñ€Ğ¾Ğ³Ğµ Ñ Ğ¾Ğ´Ğ½Ğ¾ÑÑ‚Ğ¾Ñ€Ğ¾Ğ½Ğ½Ğ¸Ğ¼ Ğ´Ğ²Ğ¸Ğ¶ĞµĞ½Ğ¸ĞµĞ¼
- Ğ²Ğ¾Ğ¶Ğ´ĞµĞ½Ğ¸Ğµ Ğ°Ğ²Ñ‚Ğ¾Ğ¼Ğ¾Ğ±Ğ¸Ğ»Ñ, Ğ¾ÑĞ½Ğ°Ñ‰ĞµĞ½Ğ½Ğ¾Ğ³Ğ¾ Ñ€Ğ°Ğ´Ğ°Ñ€-Ğ´ĞµÑ‚ĞµĞºÑ‚Ğ¾Ñ€Ğ¾Ğ¼
- Ğ½ĞµĞ¿Ñ€Ğ°Ğ²Ğ¸Ğ»ÑŒĞ½Ğ¾Ğµ Ğ¸ÑĞ¿Ğ¾Ğ»ÑŒĞ·Ğ¾Ğ²Ğ°Ğ½Ğ¸Ğµ Ğ¿Ğ¾Ğ»Ğ¾ÑÑ‹ Ğ´Ğ²Ğ¸Ğ¶ĞµĞ½Ğ¸Ñ Ğ´Ğ»Ñ Ñ‚Ñ€Ğ°Ğ½ÑĞ¿Ğ¾Ñ€Ñ‚Ğ½Ñ‹Ñ… ÑÑ€ĞµĞ´ÑÑ‚Ğ² Ñ Ğ²Ñ‹ÑĞ¾ĞºĞ¾Ğ¹ Ğ²Ğ¼ĞµÑÑ‚Ğ¸Ğ¼Ğ¾ÑÑ‚ÑŒÑ (HOV)
- Ğ½Ğµ ÑƒÑÑ‚ÑƒĞ¿Ğ¸Ñ‚ÑŒ Ğ´Ğ¾Ñ€Ğ¾Ğ³Ñƒ"
222,37,6,"- Ø±Ø§Ù†Ù†Ø¯Ú¯ÛŒ Ø¨Ø§ Ø¯Ø± Ø¯Ø³Øª Ú¯Ø±ÙØªÙ† ÛŒØ§ Ø§Ø³ØªÙØ§Ø¯Ù‡ Ø§Ø² ÛŒÚ© ÙˆØ³ÛŒÙ„Ù‡ Ø§Ø±ØªØ¨Ø§Ø·ÛŒ Ø¨ÛŒ Ø³ÛŒÙ… ÛŒØ§ Ø³Ø±Ú¯Ø±Ù…ÛŒ Ø¯Ø³ØªÛŒ
- Ø±Ø§Ù†Ù†Ø¯Ú¯ÛŒ Ø§Ø² Ø·Ø±ÛŒÙ‚ØŒ Ø§Ø·Ø±Ø§Ù ÛŒØ§ Ø²ÛŒØ± ÛŒÚ© Ù…Ø§Ù†Ø¹ Ø¹Ø¨ÙˆØ± Ø±Ø§Ù‡ Ø¢Ù‡Ù†
- ØªØ¬Ø§ÙˆØ² Ø§Ø² Ø­Ø¯ Ù…Ø¬Ø§Ø² Ø³Ø±Ø¹Øª 16 ØªØ§ 29 Ú©ÛŒÙ„ÙˆÙ…ØªØ± Ø¯Ø± Ø³Ø§Ø¹Øª
- Ø±ÙØªÙ† Ø¨Ù‡ Ù…Ø³ÛŒØ± Ø§Ø´ØªØ¨Ø§Ù‡ Ø¯Ø± Ø¬Ø§Ø¯Ù‡ ÛŒÚ© Ø·Ø±ÙÙ‡
- Ø±Ø§Ù†Ù†Ø¯Ú¯ÛŒ Ø¨Ø§ ÙˆØ³ÛŒÙ„Ù‡ Ù†Ù‚Ù„ÛŒÙ‡ Ù…Ø¬Ù‡Ø² Ø¨Ù‡ Ø¢Ø´Ú©Ø§Ø±Ø³Ø§Ø² Ø±Ø§Ø¯Ø§Ø±
- Ø§Ø³ØªÙØ§Ø¯Ù‡ Ù†Ø§Ø¯Ø±Ø³Øª Ø§Ø² Ø®Ø· Ø®ÙˆØ¯Ø±ÙˆÙ‡Ø§ÛŒ Ù¾Ø±Ø´Ù…Ø§Ø± (HOV).
- Ø¹Ø¯Ù… ØªØ³Ù„ÛŒÙ… Ø­Ù‚ ØªÙ‚Ø¯Ù…"
223,38,1,2 Demerit points you can get for:
224,38,2,2 points d'inaptitude que vous pouvez obtenir pour :
225,38,3,2 æ‚¨å¯ä»¥ç²å¾—çš„æ‰£åˆ†ï¼š
226,38,4,2 puntos de demÃ©rito que puedes obtener por:
227,38,5,2 ÑˆÑ‚Ñ€Ğ°Ñ„Ğ½Ñ‹Ñ… Ğ±Ğ°Ğ»Ğ»Ğ° Ğ·Ğ°:
228,38,6,2 Ø§Ù…ØªÛŒØ§Ø² Ù…Ù†ÙÛŒ Ú©Ù‡ Ù…ÛŒ ØªÙˆØ§Ù†ÛŒØ¯ Ø¨Ø±Ø§ÛŒ Ø¢Ù†Ù‡Ø§ Ú©Ø³Ø¨ Ú©Ù†ÛŒØ¯:
229,39,1,"- improper opening of a vehicle door
- unnecessary slow driving
- backing on highway
- failing to stop at a pedestrian crossing
- driver failing to wear a seat belt
- driver failing to ensure infant/ child passenger is properly secured in an appropriate child restraint system or booster seat
- failing to leave one metre while passing bicycle"
230,39,2,"- mauvaise ouverture d'une porte de vÃ©hicule
- conduite lente inutile
- marche arriÃ¨re sur autoroute
- ne pas s'arrÃªter Ã  un passage pour piÃ©tons
- conducteur ne portant pas sa ceinture de sÃ©curitÃ©
- le conducteur ne s'assure pas que le passager bÃ©bÃ©/enfant est correctement attachÃ© dans un systÃ¨me de retenue pour enfant ou un siÃ¨ge d'appoint appropriÃ©
- ne pas s'Ã©loigner d'un mÃ¨tre en passant vÃ©lo"
231,39,3,"- è»Šé–€æ‰“é–‹ä¸ç•¶
- ä¸å¿…è¦çš„æ…¢é€Ÿé§•é§›
- åœ¨é«˜é€Ÿå…¬è·¯ä¸Šå€’è»Š
- æœªèƒ½åœ¨äººè¡Œæ©«é“è™•åœè»Š
- å¸æ©Ÿæ²’æœ‰ä¿‚å®‰å…¨å¸¶
- å¸æ©Ÿæœªèƒ½ç¢ºä¿å°‡å¬°å…’/å…’ç«¥ä¹˜å®¢å¦¥å–„å›ºå®šåœ¨é©ç•¶çš„å…’ç«¥ç´„æŸç³»çµ±æˆ–å¢é«˜åº§æ¤…ä¸­
- è¶…è‡ªè¡Œè»Šæ™‚ä¸é›¢é–‹ä¸€ç±³"
232,39,4,"- apertura incorrecta de la puerta de un vehÃ­culo
- conducciÃ³n lenta innecesaria
- marcha atrÃ¡s en carretera
- no detenerse en un paso de peatones
- el conductor no usa el cinturÃ³n de seguridad
- el conductor no se asegura de que el bebÃ©/niÃ±o pasajero estÃ© debidamente asegurado en un sistema de sujeciÃ³n para niÃ±os o asiento elevado adecuado
- no dejar un metro al pasar la bicicleta"
233,39,5,"- Ğ½ĞµĞ¿Ñ€Ğ°Ğ²Ğ¸Ğ»ÑŒĞ½Ğ¾Ğµ Ğ¾Ñ‚ĞºÑ€Ñ‹Ğ²Ğ°Ğ½Ğ¸Ğµ Ğ´Ğ²ĞµÑ€Ğ¸ Ğ°Ğ²Ñ‚Ğ¾Ğ¼Ğ¾Ğ±Ğ¸Ğ»Ñ
- Ğ½ĞµĞ½ÑƒĞ¶Ğ½Ğ°Ñ Ğ¼ĞµĞ´Ğ»ĞµĞ½Ğ½Ğ°Ñ ĞµĞ·Ğ´Ğ°
- Ğ·Ğ°Ğ´Ğ½Ğ¸Ğ¼ Ñ…Ğ¾Ğ´Ğ¾Ğ¼ Ğ½Ğ° ÑˆĞ¾ÑÑĞµ
- Ğ½Ğµ Ğ¾ÑÑ‚Ğ°Ğ½Ğ¾Ğ²Ğ¸Ğ²ÑˆĞ¸ÑÑŒ Ğ½Ğ° Ğ¿ĞµÑˆĞµÑ…Ğ¾Ğ´Ğ½Ğ¾Ğ¼ Ğ¿ĞµÑ€ĞµÑ…Ğ¾Ğ´Ğµ
- Ğ²Ğ¾Ğ´Ğ¸Ñ‚ĞµĞ»ÑŒ Ğ½Ğµ Ğ¿Ñ€Ğ¸ÑÑ‚ĞµĞ³Ğ½ÑƒÑ‚ Ñ€ĞµĞ¼Ğ½ĞµĞ¼ Ğ±ĞµĞ·Ğ¾Ğ¿Ğ°ÑĞ½Ğ¾ÑÑ‚Ğ¸
- Ğ²Ğ¾Ğ´Ğ¸Ñ‚ĞµĞ»ÑŒ Ğ½Ğµ Ğ¾Ğ±ĞµÑĞ¿ĞµÑ‡Ğ¸Ğ²Ğ°ĞµÑ‚ Ğ½Ğ°Ğ´Ğ»ĞµĞ¶Ğ°Ñ‰ÑƒÑ Ñ„Ğ¸ĞºÑĞ°Ñ†Ğ¸Ñ Ğ¼Ğ»Ğ°Ğ´ĞµĞ½Ñ†Ğ°/Ğ´ĞµÑ‚ÑĞºĞ¾Ğ³Ğ¾ Ğ¿Ğ°ÑÑĞ°Ğ¶Ğ¸Ñ€Ğ° Ğ² ÑĞ¾Ğ¾Ñ‚Ğ²ĞµÑ‚ÑÑ‚Ğ²ÑƒÑÑ‰ĞµĞ¹ Ğ´ĞµÑ‚ÑĞºĞ¾Ğ¹ ÑƒĞ´ĞµÑ€Ğ¶Ğ¸Ğ²Ğ°ÑÑ‰ĞµĞ¹ ÑĞ¸ÑÑ‚ĞµĞ¼Ğµ Ğ¸Ğ»Ğ¸ Ğ² Ğ´ĞµÑ‚ÑĞºĞ¾Ğ¼ ĞºÑ€ĞµÑĞ»Ğµ-Ğ±ÑƒÑÑ‚ĞµÑ€Ğµ
- Ğ½Ğµ Ğ¿ĞµÑ€ĞµÑÑ‚Ñ€Ğ¾Ğ¸Ñ‚ÑŒÑÑ Ğ½Ğ° Ğ¾Ğ´Ğ¸Ğ½ Ğ¼ĞµÑ‚Ñ€ Ğ¿Ñ€Ğ¸ Ğ¾Ğ±Ğ³Ğ¾Ğ½Ğµ Ğ²ĞµĞ»Ğ¾ÑĞ¸Ğ¿ĞµĞ´Ğ°"
234,39,6,"- Ø¨Ø§Ø² Ú©Ø±Ø¯Ù† Ù†Ø§Ù…Ù†Ø§Ø³Ø¨ Ø¯Ø±Ø¨ Ø®ÙˆØ¯Ø±Ùˆ
- Ø±Ø§Ù†Ù†Ø¯Ú¯ÛŒ Ø¢Ù‡Ø³ØªÙ‡ ØºÛŒØ± Ø¶Ø±ÙˆØ±ÛŒ
- Ù¾Ø´ØªÛŒØ¨Ø§Ù† Ø¯Ø± Ø¨Ø²Ø±Ú¯Ø±Ø§Ù‡
- Ø¹Ø¯Ù… ØªÙˆÙ‚Ù Ø¯Ø± Ú¯Ø°Ø±Ú¯Ø§Ù‡ Ø¹Ø§Ø¨Ø± Ù¾ÛŒØ§Ø¯Ù‡
- Ù†Ø¨Ø³ØªÙ† Ú©Ù…Ø±Ø¨Ù†Ø¯ Ø§ÛŒÙ…Ù†ÛŒ Ø±Ø§Ù†Ù†Ø¯Ù‡
- Ø±Ø§Ù†Ù†Ø¯Ù‡ Ù†Ù…ÛŒ ØªÙˆØ§Ù†Ø¯ Ø§Ø·Ù…ÛŒÙ†Ø§Ù† Ø­Ø§ØµÙ„ Ú©Ù†Ø¯ Ú©Ù‡ Ø³Ø±Ù†Ø´ÛŒÙ† Ù†ÙˆØ²Ø§Ø¯/Ú©ÙˆØ¯Ú© Ø¨Ù‡ Ø¯Ø±Ø³ØªÛŒ Ø¯Ø± Ø³ÛŒØ³ØªÙ… Ù†Ú¯Ù‡Ø¯Ø§Ø±Ù†Ø¯Ù‡ Ú©ÙˆØ¯Ú© Ù…Ù†Ø§Ø³Ø¨ ÛŒØ§ ØµÙ†Ø¯Ù„ÛŒ Ú©Ù…Ú©ÛŒ Ø§ÛŒÙ…Ù† Ø´Ø¯Ù‡ Ø§Ø³Øª.
- ØªØ±Ú© Ù†Ú©Ø±Ø¯Ù† ÛŒÚ© Ù…ØªØ± Ù‡Ù†Ú¯Ø§Ù… Ø¹Ø¨ÙˆØ± Ø§Ø² Ø¯ÙˆÚ†Ø±Ø®Ù‡"
235,40,1,Penalties for demerit points: full G licenced driver
236,40,2,PÃ©nalitÃ©s pour points d'inaptitudeÂ : permis de conduire G complet
237,40,3,æ‰£åˆ†è™•ç½°ï¼šfull G license driver
238,40,4,Sanciones por puntos de demÃ©rito: conductor con licencia G completa
239,40,5,ĞĞ°ĞºĞ°Ğ·Ğ°Ğ½Ğ¸Ğµ Ğ·Ğ° ÑˆÑ‚Ñ€Ğ°Ñ„Ğ½Ñ‹Ğµ Ğ±Ğ°Ğ»Ğ»Ñ‹: Ğ²Ğ¾Ğ´Ğ¸Ñ‚ĞµĞ»ÑŒ Ñ Ğ¿Ğ¾Ğ»Ğ½Ğ¾Ğ¹ Ğ»Ğ¸Ñ†ĞµĞ½Ğ·Ğ¸ĞµĞ¹ G
240,40,6,Ø¬Ø±ÛŒÙ…Ù‡ Ø¨Ø±Ø§ÛŒ Ø§Ù…ØªÛŒØ§Ø²Ø§Øª Ø¨ÛŒ Ø§Ø±Ø²Ø´: Ø±Ø§Ù†Ù†Ø¯Ù‡ Ú¯ÙˆØ§Ù‡ÛŒÙ†Ø§Ù…Ù‡ G Ú©Ø§Ù…Ù„
241,41,1,"- 6 to 8 points: you will be sent a warning letter.
- 9 to 14 points: you will be sent a second warning letter encouraging you to improve your driving behaviour.
- 15+ points: your licence will be suspended for 30 days."
242,41,2,"- 6 Ã  8 points : vous recevrez une lettre d'avertissement.
- 9 Ã  14 points : vous recevrez une deuxiÃ¨me lettre d'avertissement vous incitant Ã  amÃ©liorer votre comportement au volant.
- 15+ points : votre permis sera suspendu pendant 30 jours."
243,41,3,"- 6 è‡³ 8 åˆ†ï¼šæ‚¨å°‡æ”¶åˆ°ä¸€å°è­¦å‘Šä¿¡ã€‚
- 9 è‡³ 14 åˆ†ï¼šæ‚¨å°‡æ”¶åˆ°ç¬¬äºŒå°è­¦å‘Šä¿¡ï¼Œé¼“å‹µæ‚¨æ”¹å–„é§•é§›è¡Œç‚ºã€‚
- 15+ åˆ†ï¼šæ‚¨çš„åŸ·ç…§å°‡è¢«æš«åœ 30 å¤©ã€‚"
244,41,4,"- 6 a 8 puntos: se le enviarÃ¡ una carta de advertencia.
- 9 a 14 puntos: se le enviarÃ¡ una segunda carta de advertencia animÃ¡ndole a mejorar su comportamiento al volante.
- 15+ puntos: su licencia serÃ¡ suspendida por 30 dÃ­as."
245,41,5,"- Ğ¾Ñ‚ 6 Ğ´Ğ¾ 8 Ğ±Ğ°Ğ»Ğ»Ğ¾Ğ²: Ğ²Ğ°Ğ¼ Ğ±ÑƒĞ´ĞµÑ‚ Ğ¾Ñ‚Ğ¿Ñ€Ğ°Ğ²Ğ»ĞµĞ½Ğ¾ Ğ¿Ğ¸ÑÑŒĞ¼Ğ¾ Ñ Ğ¿Ñ€ĞµĞ´ÑƒĞ¿Ñ€ĞµĞ¶Ğ´ĞµĞ½Ğ¸ĞµĞ¼.
- Ğ¾Ñ‚ 9 Ğ´Ğ¾ 14 Ğ±Ğ°Ğ»Ğ»Ğ¾Ğ²: Ğ²Ğ°Ğ¼ Ğ±ÑƒĞ´ĞµÑ‚ Ğ¾Ñ‚Ğ¿Ñ€Ğ°Ğ²Ğ»ĞµĞ½Ğ¾ Ğ²Ñ‚Ğ¾Ñ€Ğ¾Ğµ Ğ¿Ğ¸ÑÑŒĞ¼Ğ¾ Ñ Ğ¿Ñ€ĞµĞ´ÑƒĞ¿Ñ€ĞµĞ¶Ğ´ĞµĞ½Ğ¸ĞµĞ¼, Ğ¿Ñ€Ğ¸Ğ·Ñ‹Ğ²Ğ°ÑÑ‰ĞµĞµ Ğ²Ğ°Ñ ÑƒĞ»ÑƒÑ‡ÑˆĞ¸Ñ‚ÑŒ ÑĞ²Ğ¾Ğµ Ğ¿Ğ¾Ğ²ĞµĞ´ĞµĞ½Ğ¸Ğµ Ğ·Ğ° Ñ€ÑƒĞ»ĞµĞ¼.
- 15+ Ğ±Ğ°Ğ»Ğ»Ğ¾Ğ²: Ğ²Ğ°ÑˆĞ° Ğ»Ğ¸Ñ†ĞµĞ½Ğ·Ğ¸Ñ Ğ±ÑƒĞ´ĞµÑ‚ Ğ¿Ñ€Ğ¸Ğ¾ÑÑ‚Ğ°Ğ½Ğ¾Ğ²Ğ»ĞµĞ½Ğ° Ğ½Ğ° 30 Ğ´Ğ½ĞµĞ¹."
246,41,6,"- Ø§Ù…ØªÛŒØ§Ø² 6 ØªØ§ 8: Ø¨Ø±Ø§ÛŒ Ø´Ù…Ø§ Ø§Ø®Ø·Ø§Ø± Ù†Ø§Ù…Ù‡ Ø§Ø±Ø³Ø§Ù„ Ù…ÛŒ Ø´ÙˆØ¯.
- 9 ØªØ§ 14 Ø§Ù…ØªÛŒØ§Ø²: ÛŒÚ© Ù†Ø§Ù…Ù‡ Ù‡Ø´Ø¯Ø§Ø± Ø¯ÙˆÙ… Ø¨Ø±Ø§ÛŒ Ø´Ù…Ø§ Ø§Ø±Ø³Ø§Ù„ Ù…ÛŒ Ø´ÙˆØ¯ Ú©Ù‡ Ø´Ù…Ø§ Ø±Ø§ ØªØ´ÙˆÛŒÙ‚ Ø¨Ù‡ Ø¨Ù‡Ø¨ÙˆØ¯ Ø±ÙØªØ§Ø± Ø±Ø§Ù†Ù†Ø¯Ú¯ÛŒ Ù…ÛŒ Ú©Ù†Ø¯.
- 15+ Ø§Ù…ØªÛŒØ§Ø²: Ù…Ø¬ÙˆØ² Ø´Ù…Ø§ Ø¨Ù‡ Ù…Ø¯Øª 30 Ø±ÙˆØ² ØªØ¹Ù„ÛŒÙ‚ Ù…ÛŒ Ø´ÙˆØ¯."
247,42,1,"Penalties for demerit points: G1, G2 licenced driver"
248,42,2,"PÃ©nalitÃ©s pour points d'inaptitudeÂ : permis de conduire G1, G2"
249,42,3,æ‰£åˆ†è™•ç½°ï¼šG1ã€G2é§•ç…§é§•é§›å“¡
250,42,4,"Sanciones por puntos de demÃ©rito: licencia de conducir G1, G2"
251,42,5,"ĞĞ°ĞºĞ°Ğ·Ğ°Ğ½Ğ¸Ğµ Ğ·Ğ° ÑˆÑ‚Ñ€Ğ°Ñ„Ğ½Ñ‹Ğµ Ğ±Ğ°Ğ»Ğ»Ñ‹: Ğ²Ğ¾Ğ´Ğ¸Ñ‚ĞµĞ»ÑŒÑĞºĞ¸Ğµ Ğ¿Ñ€Ğ°Ğ²Ğ° G1, G2."
252,42,6,Ø¬Ø±ÛŒÙ…Ù‡ Ø¨Ø±Ø§ÛŒ Ø§Ù…ØªÛŒØ§Ø²Ø§Øª Ù…Ù†ÙÛŒ: G1ØŒ G2 Ú¯ÙˆØ§Ù‡ÛŒÙ†Ø§Ù…Ù‡ Ø±Ø§Ù†Ù†Ø¯Ù‡
253,43,1,"- 2 to 5 points: you will be sent a warning letter.
- 6 to 8 points: you will be sent a second warning letter encouraging you to improve your driving behaviour.
- 9 or more points: your licence will be suspended for 60 days."
254,43,2,"- 2 Ã  5 points : vous recevrez une lettre d'avertissement.
- 6 Ã  8 points : vous recevrez une deuxiÃ¨me lettre d'avertissement vous incitant Ã  amÃ©liorer votre comportement au volant.
- 9 points ou plus : votre permis sera suspendu pendant 60 jours."
255,43,3,"- 2 è‡³ 5 åˆ†ï¼šæ‚¨å°‡æ”¶åˆ°ä¸€å°è­¦å‘Šä¿¡ã€‚
- 6 è‡³ 8 åˆ†ï¼šæ‚¨å°‡æ”¶åˆ°ç¬¬äºŒå°è­¦å‘Šä¿¡ï¼Œé¼“å‹µæ‚¨æ”¹å–„é§•é§›è¡Œç‚ºã€‚
- 9 åˆ†æˆ–æ›´å¤šåˆ†ï¼šæ‚¨çš„åŸ·ç…§å°‡è¢«æš«åœ 60 å¤©ã€‚"
256,43,4,"- 2 a 5 puntos: se le enviarÃ¡ una carta de advertencia.
- 6 a 8 puntos: se le enviarÃ¡ una segunda carta de advertencia animÃ¡ndole a mejorar su comportamiento al volante.
- 9 o mÃ¡s puntos: su licencia serÃ¡ suspendida por 60 dÃ­as."
257,43,5,"- Ğ¾Ñ‚ 2 Ğ´Ğ¾ 5 Ğ±Ğ°Ğ»Ğ»Ğ¾Ğ²: Ğ²Ğ°Ğ¼ Ğ±ÑƒĞ´ĞµÑ‚ Ğ¾Ñ‚Ğ¿Ñ€Ğ°Ğ²Ğ»ĞµĞ½Ğ¾ Ğ¿Ğ¸ÑÑŒĞ¼Ğ¾ Ñ Ğ¿Ñ€ĞµĞ´ÑƒĞ¿Ñ€ĞµĞ¶Ğ´ĞµĞ½Ğ¸ĞµĞ¼.
- Ğ¾Ñ‚ 6 Ğ´Ğ¾ 8 Ğ±Ğ°Ğ»Ğ»Ğ¾Ğ²: Ğ²Ğ°Ğ¼ Ğ±ÑƒĞ´ĞµÑ‚ Ğ¾Ñ‚Ğ¿Ñ€Ğ°Ğ²Ğ»ĞµĞ½Ğ¾ Ğ²Ñ‚Ğ¾Ñ€Ğ¾Ğµ Ğ¿Ğ¸ÑÑŒĞ¼Ğ¾ Ñ Ğ¿Ñ€ĞµĞ´ÑƒĞ¿Ñ€ĞµĞ¶Ğ´ĞµĞ½Ğ¸ĞµĞ¼, Ğ¿Ñ€Ğ¸Ğ·Ñ‹Ğ²Ğ°ÑÑ‰ĞµĞµ Ğ²Ğ°Ñ ÑƒĞ»ÑƒÑ‡ÑˆĞ¸Ñ‚ÑŒ ÑĞ²Ğ¾Ğµ Ğ¿Ğ¾Ğ²ĞµĞ´ĞµĞ½Ğ¸Ğµ Ğ·Ğ° Ñ€ÑƒĞ»ĞµĞ¼.
- 9 Ğ¸ Ğ±Ğ¾Ğ»ĞµĞµ Ğ±Ğ°Ğ»Ğ»Ğ¾Ğ²: Ğ²Ğ°ÑˆĞ° Ğ»Ğ¸Ñ†ĞµĞ½Ğ·Ğ¸Ñ Ğ±ÑƒĞ´ĞµÑ‚ Ğ¿Ñ€Ğ¸Ğ¾ÑÑ‚Ğ°Ğ½Ğ¾Ğ²Ğ»ĞµĞ½Ğ° Ğ½Ğ° 60 Ğ´Ğ½ĞµĞ¹."
258,43,6,"- 2 ØªØ§ 5 Ø§Ù…ØªÛŒØ§Ø²: Ø¨Ø±Ø§ÛŒ Ø´Ù…Ø§ Ø§Ø®Ø·Ø§Ø± Ù†Ø§Ù…Ù‡ Ø§Ø±Ø³Ø§Ù„ Ù…ÛŒ Ø´ÙˆØ¯.
- 6 ØªØ§ 8 Ø§Ù…ØªÛŒØ§Ø²: Ù†Ø§Ù…Ù‡ Ù‡Ø´Ø¯Ø§Ø± Ø¯ÙˆÙ…ÛŒ Ø¨Ø±Ø§ÛŒ Ø´Ù…Ø§ Ø§Ø±Ø³Ø§Ù„ Ù…ÛŒ Ø´ÙˆØ¯ Ú©Ù‡ Ø´Ù…Ø§ Ø±Ø§ ØªØ´ÙˆÛŒÙ‚ Ø¨Ù‡ Ø¨Ù‡Ø¨ÙˆØ¯ Ø±ÙØªØ§Ø± Ø±Ø§Ù†Ù†Ø¯Ú¯ÛŒ Ù…ÛŒ Ú©Ù†Ø¯.
- 9 Ø§Ù…ØªÛŒØ§Ø² ÛŒØ§ Ø¨ÛŒØ´ØªØ±: Ù…Ø¬ÙˆØ² Ø´Ù…Ø§ Ø¨Ù‡ Ù…Ø¯Øª 60 Ø±ÙˆØ² ØªØ¹Ù„ÛŒÙ‚ Ø®ÙˆØ§Ù‡Ø¯ Ø´Ø¯."
259,44,1,If you change your address you must update
260,44,2,"Si vous changez d'adresse, vous devez mettre Ã  jour"
261,44,3,å¦‚æœæ‚¨æ›´æ”¹åœ°å€ï¼Œå‰‡å¿…é ˆæ›´æ–°
262,44,4,Si cambias de direcciÃ³n debes actualizar
263,44,5,"Ğ•ÑĞ»Ğ¸ Ğ²Ñ‹ Ğ¸Ğ·Ğ¼ĞµĞ½Ğ¸Ñ‚Ğµ ÑĞ²Ğ¾Ğ¹ Ğ°Ğ´Ñ€ĞµÑ, Ğ²Ñ‹ Ğ´Ğ¾Ğ»Ğ¶Ğ½Ñ‹ Ğ¾Ğ±Ğ½Ğ¾Ğ²Ğ¸Ñ‚ÑŒ"
264,44,6,Ø§Ú¯Ø± Ø¢Ø¯Ø±Ø³ Ø®ÙˆØ¯ Ø±Ø§ ØªØºÛŒÛŒØ± Ø¯Ù‡ÛŒØ¯ØŒ Ø¨Ø§ÛŒØ¯ Ø¨Ù‡ Ø±ÙˆØ² Ø±Ø³Ø§Ù†ÛŒ Ú©Ù†ÛŒØ¯
265,45,1,- your driverâ€™s licence and vehicle permit within 6 days
266,45,2,- votre permis de conduire et permis de vÃ©hicule dans les 6 jours
267,45,3,- 6 å¤©å…§çš„é§•é§›åŸ·ç…§å’Œè»Šè¼›è¨±å¯è­‰
268,45,4,- su licencia de conducir y permiso de vehÃ­culo dentro de los 6 dÃ­as
269,45,5,- Ğ²Ğ°ÑˆĞ¸ Ğ²Ğ¾Ğ´Ğ¸Ñ‚ĞµĞ»ÑŒÑĞºĞ¸Ğµ Ğ¿Ñ€Ğ°Ğ²Ğ° Ğ¸ Ñ€Ğ°Ğ·Ñ€ĞµÑˆĞµĞ½Ğ¸Ğµ Ğ½Ğ° Ñ‚Ñ€Ğ°Ğ½ÑĞ¿Ğ¾Ñ€Ñ‚Ğ½Ğ¾Ğµ ÑÑ€ĞµĞ´ÑÑ‚Ğ²Ğ¾ Ğ² Ñ‚ĞµÑ‡ĞµĞ½Ğ¸Ğµ 6 Ğ´Ğ½ĞµĞ¹
270,45,6,- Ú¯ÙˆØ§Ù‡ÛŒÙ†Ø§Ù…Ù‡ Ø±Ø§Ù†Ù†Ø¯Ú¯ÛŒ Ùˆ Ù…Ø¬ÙˆØ² ÙˆØ³ÛŒÙ„Ù‡ Ù†Ù‚Ù„ÛŒÙ‡ Ø´Ù…Ø§ Ø¯Ø± Ù…Ø¯Øª 6 Ø±ÙˆØ²
271,46,1,"If you find some mistakes in our application or you have some questions or you would offer new ideas,
write to us by mail letstalk24ru@gmail.com

Thanks for your kindness ğŸ™Œ
We feel it ğŸ’œ"
272,46,2,"Si vous trouvez des erreurs dans notre application ou si vous avez des questions ou si vous proposez de nouvelles idÃ©es,
Ã©crivez-nous par mail letstalk24ru@gmail.com

Merci pour votre gentillesse ğŸ™Œ
On le sentğŸ’œ"
273,46,3,"å¦‚æœæ‚¨åœ¨æˆ‘ä»¬çš„ç”³è¯·ä¸­å‘ç°é”™è¯¯ï¼Œæˆ–è€…æ‚¨æœ‰ä¸€äº›é—®é¢˜ï¼Œæˆ–è€…æ‚¨æƒ³æå‡ºæ–°çš„æƒ³æ³•ï¼Œ
è¯·é€šè¿‡é‚®ä»¶ letstalk24ru@gmail.com å†™ä¿¡ç»™æˆ‘ä»¬ã€‚

è°¢è°¢ä½ çš„å¥½å¿ƒ ğŸ™Œ
æˆ‘ä»¬æ„Ÿè§‰åˆ°äº† ğŸ’œ"
274,46,4,"Si encuentra errores en nuestra aplicaciÃ³n o tiene algunas preguntas o ofrece nuevas ideas,
escrÃ­banos por correo electrÃ³nico letstalk24ru@gmail.com

Gracias por su amabilidad ğŸ™Œ
La sentimos ğŸ’œ"
275,46,5,"Ğ•ÑĞ»Ğ¸ Ğ²Ñ‹ Ğ½Ğ°ÑˆĞ»Ğ¸ Ğ¾ÑˆĞ¸Ğ±ĞºĞ¸ Ğ² Ğ½Ğ°ÑˆĞµĞ¼ Ğ¿Ñ€Ğ¸Ğ»Ğ¾Ğ¶ĞµĞ½Ğ¸Ğ¸, Ğ¸Ğ»Ğ¸ Ñƒ Ğ²Ğ°Ñ ĞµÑÑ‚ÑŒ Ğ²Ğ¾Ğ¿Ñ€Ğ¾ÑÑ‹, Ğ¸Ğ»Ğ¸ Ğ²Ñ‹ Ñ…Ğ¾Ñ‚Ğ¸Ñ‚Ğµ Ğ¿Ñ€ĞµĞ´Ğ»Ğ¾Ğ¶Ğ¸Ñ‚ÑŒ Ğ½Ğ¾Ğ²Ñ‹Ğµ Ğ¸Ğ´ĞµĞ¸,
Ğ½Ğ°Ğ¿Ğ¸ÑˆĞ¸Ñ‚Ğµ, Ğ¿Ğ¾Ğ¶Ğ°Ğ»ÑƒĞ¹ÑÑ‚Ğ°, Ğ½Ğ°Ğ¼ Ğ½Ğ° Ğ¿Ğ¾Ñ‡Ñ‚Ñƒ letstalk24ru@gmail.com

Ğ¡Ğ¿Ğ°ÑĞ¸Ğ±Ğ¾ Ğ·Ğ° Ğ²Ğ°ÑˆÑƒ Ğ´Ğ¾Ğ±Ñ€Ğ¾Ñ‚Ñƒ ğŸ™Œ
ĞœÑ‹ Ñ‡ÑƒĞ²ÑÑ‚Ğ²ÑƒĞµĞ¼ ÑÑ‚Ğ¾ ğŸ’œ"
276,46,6,"Ø§Ú¯Ø± Ø§Ø´ØªØ¨Ø§Ù‡Ø§ØªÛŒ Ø¯Ø± Ø¨Ø±Ù†Ø§Ù…Ù‡ Ù…Ø§ Ù¾ÛŒØ¯Ø§ Ú©Ø±Ø¯ÛŒØ¯ ÛŒØ§ Ø³Ø¤Ø§Ù„Ø§ØªÛŒ Ø¯Ø§Ø±ÛŒØ¯ ÛŒØ§ Ø§ÛŒØ¯Ù‡ Ù‡Ø§ÛŒ Ø¬Ø¯ÛŒØ¯ÛŒ Ø§Ø±Ø§Ø¦Ù‡ Ù…ÛŒ Ø¯Ù‡ÛŒØ¯ØŒ
Ø§Ø² Ø·Ø±ÛŒÙ‚ Ù¾Ø³Øª Ø¨Ø±Ø§ÛŒ Ù…Ø§ Ø¨Ù†ÙˆÛŒØ³ÛŒØ¯ letstalk24ru@gmail.com

ØªØ´Ú©Ø± Ø§Ø² Ù„Ø·Ù Ø´Ù…Ø§ ğŸ™Œ
Ù…Ø§ Ø¢Ù† Ø±Ø§ Ø§Ø­Ø³Ø§Ø³ Ù…ÛŒ Ú©Ù†ÛŒÙ…ğŸ’œ"
